geo,country,year,species_code,species,catch_tonnes
PNG,Papua New Guinea,2000,SKJ,Skipjack,335075
PNG,Papua New Guinea,2000,YFT,Yellowfin,96955
PNG,Papua New Guinea,2000,BET,Bigeye,31060
PNG,Papua New Guinea,2000,ALB,Albacore,7873
SLB,Solomon Islands,2000,SKJ,Skipjack,137908
SLB,Solomon Islands,2000,YFT,Yellowfin,43022
SLB,Solomon Islands,2000,BET,Bigeye,13137
SLB,Solomon Islands,2000,ALB,Albacore,3632
FSM,Micronesia (Fed. States),2000,SKJ,Skipjack,173983
FSM,Micronesia (Fed. States),2000,YFT,Yellowfin,51447
FSM,Micronesia (Fed. States),2000,BET,Bigeye,15151
FSM,Micronesia (Fed. States),2000,ALB,Albacore,4588
NRU,Nauru,2000,SKJ,Skipjack,32377
NRU,Nauru,2000,YFT,Yellowfin,8235
NRU,Nauru,2000,BET,Bigeye,2903
NRU,Nauru,2000,ALB,Albacore,752
KIR,Kiribati,2000,SKJ,Skipjack,282553
KIR,Kiribati,2000,YFT,Yellowfin,77273
KIR,Kiribati,2000,BET,Bigeye,23943
KIR,Kiribati,2000,ALB,Albacore,6250
MHL,Marshall Islands,2000,SKJ,Skipjack,132620
MHL,Marshall Islands,2000,YFT,Yellowfin,35720
MHL,Marshall Islands,2000,BET,Bigeye,11843
MHL,Marshall Islands,2000,ALB,Albacore,3080
TUV,Tuvalu,2000,SKJ,Skipjack,38905
TUV,Tuvalu,2000,YFT,Yellowfin,12079
TUV,Tuvalu,2000,BET,Bigeye,3457
TUV,Tuvalu,2000,ALB,Albacore,898
PLW,Palau,2000,SKJ,Skipjack,20261
PLW,Palau,2000,YFT,Yellowfin,5730
PLW,Palau,2000,BET,Bigeye,1665
PLW,Palau,2000,ALB,Albacore,450
TKL,Tokelau,2000,SKJ,Skipjack,15832
TKL,Tokelau,2000,YFT,Yellowfin,4344
TKL,Tokelau,2000,BET,Bigeye,1497
TKL,Tokelau,2000,ALB,Albacore,389
FJI,Fiji,2000,SKJ,Skipjack,60318
FJI,Fiji,2000,YFT,Yellowfin,16370
FJI,Fiji,2000,BET,Bigeye,5038
FJI,Fiji,2000,ALB,Albacore,7197
WSM,Samoa,2000,SKJ,Skipjack,23691
WSM,Samoa,2000,YFT,Yellowfin,6925
WSM,Samoa,2000,BET,Bigeye,1957
WSM,Samoa,2000,ALB,Albacore,2545
COK,Cook Islands,2000,SKJ,Skipjack,34605
COK,Cook Islands,2000,YFT,Yellowfin,9432
COK,Cook Islands,2000,BET,Bigeye,2781
COK,Cook Islands,2000,ALB,Albacore,3839
PYF,French Polynesia,2000,SKJ,Skipjack,29283
PYF,French Polynesia,2000,YFT,Yellowfin,8134
PYF,French Polynesia,2000,BET,Bigeye,2319
PYF,French Polynesia,2000,ALB,Albacore,3360
PNG,Papua New Guinea,2001,SKJ,Skipjack,333738
PNG,Papua New Guinea,2001,YFT,Yellowfin,93914
PNG,Papua New Guinea,2001,BET,Bigeye,29539
PNG,Papua New Guinea,2001,ALB,Albacore,7442
SLB,Solomon Islands,2001,SKJ,Skipjack,137625
SLB,Solomon Islands,2001,YFT,Yellowfin,42141
SLB,Solomon Islands,2001,BET,Bigeye,13486
SLB,Solomon Islands,2001,ALB,Albacore,3212
FSM,Micronesia (Fed. States),2001,SKJ,Skipjack,180384
FSM,Micronesia (Fed. States),2001,YFT,Yellowfin,51712
FSM,Micronesia (Fed. States),2001,BET,Bigeye,15210
FSM,Micronesia (Fed. States),2001,ALB,Albacore,4075
NRU,Nauru,2001,SKJ,Skipjack,32221
NRU,Nauru,2001,YFT,Yellowfin,9370
NRU,Nauru,2001,BET,Bigeye,2946
NRU,Nauru,2001,ALB,Albacore,702
KIR,Kiribati,2001,SKJ,Skipjack,289291
KIR,Kiribati,2001,YFT,Yellowfin,75417
KIR,Kiribati,2001,BET,Bigeye,25657
KIR,Kiribati,2001,ALB,Albacore,6825
MHL,Marshall Islands,2001,SKJ,Skipjack,136038
MHL,Marshall Islands,2001,YFT,Yellowfin,37494
MHL,Marshall Islands,2001,BET,Bigeye,12168
MHL,Marshall Islands,2001,ALB,Albacore,2972
TUV,Tuvalu,2001,SKJ,Skipjack,40442
TUV,Tuvalu,2001,YFT,Yellowfin,11003
TUV,Tuvalu,2001,BET,Bigeye,3475
TUV,Tuvalu,2001,ALB,Albacore,960
PLW,Palau,2001,SKJ,Skipjack,19676
PLW,Palau,2001,YFT,Yellowfin,5859
PLW,Palau,2001,BET,Bigeye,1734
PLW,Palau,2001,ALB,Albacore,470
TKL,Tokelau,2001,SKJ,Skipjack,18353
TKL,Tokelau,2001,YFT,Yellowfin,4882
TKL,Tokelau,2001,BET,Bigeye,1495
TKL,Tokelau,2001,ALB,Albacore,400
FJI,Fiji,2001,SKJ,Skipjack,61054
FJI,Fiji,2001,YFT,Yellowfin,17109
FJI,Fiji,2001,BET,Bigeye,5219
FJI,Fiji,2001,ALB,Albacore,6805
WSM,Samoa,2001,SKJ,Skipjack,23298
WSM,Samoa,2001,YFT,Yellowfin,6827
WSM,Samoa,2001,BET,Bigeye,1998
WSM,Samoa,2001,ALB,Albacore,2721
COK,Cook Islands,2001,SKJ,Skipjack,35474
COK,Cook Islands,2001,YFT,Yellowfin,10132
COK,Cook Islands,2001,BET,Bigeye,2891
COK,Cook Islands,2001,ALB,Albacore,3714
PYF,French Polynesia,2001,SKJ,Skipjack,31518
PYF,French Polynesia,2001,YFT,Yellowfin,8427
PYF,French Polynesia,2001,BET,Bigeye,2729
PYF,French Polynesia,2001,ALB,Albacore,3513
PNG,Papua New Guinea,2002,SKJ,Skipjack,276466
PNG,Papua New Guinea,2002,YFT,Yellowfin,86433
PNG,Papua New Guinea,2002,BET,Bigeye,25911
PNG,Papua New Guinea,2002,ALB,Albacore,6589
SLB,Solomon Islands,2002,SKJ,Skipjack,143569
SLB,Solomon Islands,2002,YFT,Yellowfin,44368
SLB,Solomon Islands,2002,BET,Bigeye,11885
SLB,Solomon Islands,2002,ALB,Albacore,3131
FSM,Micronesia (Fed. States),2002,SKJ,Skipjack,171541
FSM,Micronesia (Fed. States),2002,YFT,Yellowfin,48556
FSM,Micronesia (Fed. States),2002,BET,Bigeye,15711
FSM,Micronesia (Fed. States),2002,ALB,Albacore,4250
NRU,Nauru,2002,SKJ,Skipjack,32715
NRU,Nauru,2002,YFT,Yellowfin,9248
NRU,Nauru,2002,BET,Bigeye,3098
NRU,Nauru,2002,ALB,Albacore,770
KIR,Kiribati,2002,SKJ,Skipjack,327315
KIR,Kiribati,2002,YFT,Yellowfin,101253
KIR,Kiribati,2002,BET,Bigeye,27414
KIR,Kiribati,2002,ALB,Albacore,7095
MHL,Marshall Islands,2002,SKJ,Skipjack,153123
MHL,Marshall Islands,2002,YFT,Yellowfin,43382
MHL,Marshall Islands,2002,BET,Bigeye,12277
MHL,Marshall Islands,2002,ALB,Albacore,3198
TUV,Tuvalu,2002,SKJ,Skipjack,45018
TUV,Tuvalu,2002,YFT,Yellowfin,12559
TUV,Tuvalu,2002,BET,Bigeye,3759
TUV,Tuvalu,2002,ALB,Albacore,966
PLW,Palau,2002,SKJ,Skipjack,15343
PLW,Palau,2002,YFT,Yellowfin,4256
PLW,Palau,2002,BET,Bigeye,1396
PLW,Palau,2002,ALB,Albacore,386
TKL,Tokelau,2002,SKJ,Skipjack,18863
TKL,Tokelau,2002,YFT,Yellowfin,5528
TKL,Tokelau,2002,BET,Bigeye,1554
TKL,Tokelau,2002,ALB,Albacore,423
FJI,Fiji,2002,SKJ,Skipjack,62894
FJI,Fiji,2002,YFT,Yellowfin,18242
FJI,Fiji,2002,BET,Bigeye,5473
FJI,Fiji,2002,ALB,Albacore,7558
WSM,Samoa,2002,SKJ,Skipjack,25832
WSM,Samoa,2002,YFT,Yellowfin,7779
WSM,Samoa,2002,BET,Bigeye,2292
WSM,Samoa,2002,ALB,Albacore,2877
COK,Cook Islands,2002,SKJ,Skipjack,40066
COK,Cook Islands,2002,YFT,Yellowfin,10846
COK,Cook Islands,2002,BET,Bigeye,3445
COK,Cook Islands,2002,ALB,Albacore,4917
PYF,French Polynesia,2002,SKJ,Skipjack,44287
PYF,French Polynesia,2002,YFT,Yellowfin,11450
PYF,French Polynesia,2002,BET,Bigeye,3315
PYF,French Polynesia,2002,ALB,Albacore,4638
PNG,Papua New Guinea,2003,SKJ,Skipjack,324793
PNG,Papua New Guinea,2003,YFT,Yellowfin,91396
PNG,Papua New Guinea,2003,BET,Bigeye,30139
PNG,Papua New Guinea,2003,ALB,Albacore,7640
SLB,Solomon Islands,2003,SKJ,Skipjack,148829
SLB,Solomon Islands,2003,YFT,Yellowfin,45443
SLB,Solomon Islands,2003,BET,Bigeye,12580
SLB,Solomon Islands,2003,ALB,Albacore,3694
FSM,Micronesia (Fed. States),2003,SKJ,Skipjack,177080
FSM,Micronesia (Fed. States),2003,YFT,Yellowfin,51728
FSM,Micronesia (Fed. States),2003,BET,Bigeye,14990
FSM,Micronesia (Fed. States),2003,ALB,Albacore,4606
NRU,Nauru,2003,SKJ,Skipjack,37033
NRU,Nauru,2003,YFT,Yellowfin,10673
NRU,Nauru,2003,BET,Bigeye,3179
NRU,Nauru,2003,ALB,Albacore,807
KIR,Kiribati,2003,SKJ,Skipjack,293934
KIR,Kiribati,2003,YFT,Yellowfin,93446
KIR,Kiribati,2003,BET,Bigeye,25815
KIR,Kiribati,2003,ALB,Albacore,6418
MHL,Marshall Islands,2003,SKJ,Skipjack,139745
MHL,Marshall Islands,2003,YFT,Yellowfin,41900
MHL,Marshall Islands,2003,BET,Bigeye,12066
MHL,Marshall Islands,2003,ALB,Albacore,3437
TUV,Tuvalu,2003,SKJ,Skipjack,42153
TUV,Tuvalu,2003,YFT,Yellowfin,12548
TUV,Tuvalu,2003,BET,Bigeye,3738
TUV,Tuvalu,2003,ALB,Albacore,895
PLW,Palau,2003,SKJ,Skipjack,20380
PLW,Palau,2003,YFT,Yellowfin,6270
PLW,Palau,2003,BET,Bigeye,1677
PLW,Palau,2003,ALB,Albacore,465
TKL,Tokelau,2003,SKJ,Skipjack,18614
TKL,Tokelau,2003,YFT,Yellowfin,5141
TKL,Tokelau,2003,BET,Bigeye,1537
TKL,Tokelau,2003,ALB,Albacore,437
FJI,Fiji,2003,SKJ,Skipjack,63892
FJI,Fiji,2003,YFT,Yellowfin,19066
FJI,Fiji,2003,BET,Bigeye,5542
FJI,Fiji,2003,ALB,Albacore,6901
WSM,Samoa,2003,SKJ,Skipjack,25428
WSM,Samoa,2003,YFT,Yellowfin,7138
WSM,Samoa,2003,BET,Bigeye,2305
WSM,Samoa,2003,ALB,Albacore,2761
COK,Cook Islands,2003,SKJ,Skipjack,40339
COK,Cook Islands,2003,YFT,Yellowfin,9545
COK,Cook Islands,2003,BET,Bigeye,2954
COK,Cook Islands,2003,ALB,Albacore,4159
PYF,French Polynesia,2003,SKJ,Skipjack,33726
PYF,French Polynesia,2003,YFT,Yellowfin,9829
PYF,French Polynesia,2003,BET,Bigeye,2781
PYF,French Polynesia,2003,ALB,Albacore,3775
PNG,Papua New Guinea,2004,SKJ,Skipjack,344528
PNG,Papua New Guinea,2004,YFT,Yellowfin,97759
PNG,Papua New Guinea,2004,BET,Bigeye,27636
PNG,Papua New Guinea,2004,ALB,Albacore,8199
SLB,Solomon Islands,2004,SKJ,Skipjack,159226
SLB,Solomon Islands,2004,YFT,Yellowfin,43992
SLB,Solomon Islands,2004,BET,Bigeye,14310
SLB,Solomon Islands,2004,ALB,Albacore,3489
FSM,Micronesia (Fed. States),2004,SKJ,Skipjack,191098
FSM,Micronesia (Fed. States),2004,YFT,Yellowfin,52896
FSM,Micronesia (Fed. States),2004,BET,Bigeye,16695
FSM,Micronesia (Fed. States),2004,ALB,Albacore,4113
NRU,Nauru,2004,SKJ,Skipjack,32011
NRU,Nauru,2004,YFT,Yellowfin,9925
NRU,Nauru,2004,BET,Bigeye,3250
NRU,Nauru,2004,ALB,Albacore,809
KIR,Kiribati,2004,SKJ,Skipjack,351132
KIR,Kiribati,2004,YFT,Yellowfin,93246
KIR,Kiribati,2004,BET,Bigeye,28436
KIR,Kiribati,2004,ALB,Albacore,6280
MHL,Marshall Islands,2004,SKJ,Skipjack,137175
MHL,Marshall Islands,2004,YFT,Yellowfin,40854
MHL,Marshall Islands,2004,BET,Bigeye,12808
MHL,Marshall Islands,2004,ALB,Albacore,3225
TUV,Tuvalu,2004,SKJ,Skipjack,48027
TUV,Tuvalu,2004,YFT,Yellowfin,12613
TUV,Tuvalu,2004,BET,Bigeye,3701
TUV,Tuvalu,2004,ALB,Albacore,1077
PLW,Palau,2004,SKJ,Skipjack,19119
PLW,Palau,2004,YFT,Yellowfin,5213
PLW,Palau,2004,BET,Bigeye,1856
PLW,Palau,2004,ALB,Albacore,479
TKL,Tokelau,2004,SKJ,Skipjack,18998
TKL,Tokelau,2004,YFT,Yellowfin,5185
TKL,Tokelau,2004,BET,Bigeye,1493
TKL,Tokelau,2004,ALB,Albacore,435
FJI,Fiji,2004,SKJ,Skipjack,64569
FJI,Fiji,2004,YFT,Yellowfin,19526
FJI,Fiji,2004,BET,Bigeye,5754
FJI,Fiji,2004,ALB,Albacore,6720
WSM,Samoa,2004,SKJ,Skipjack,26248
WSM,Samoa,2004,YFT,Yellowfin,7612
WSM,Samoa,2004,BET,Bigeye,2209
WSM,Samoa,2004,ALB,Albacore,2969
COK,Cook Islands,2004,SKJ,Skipjack,43207
COK,Cook Islands,2004,YFT,Yellowfin,10576
COK,Cook Islands,2004,BET,Bigeye,3160
COK,Cook Islands,2004,ALB,Albacore,4456
PYF,French Polynesia,2004,SKJ,Skipjack,33413
PYF,French Polynesia,2004,YFT,Yellowfin,9267
PYF,French Polynesia,2004,BET,Bigeye,3083
PYF,French Polynesia,2004,ALB,Albacore,3720
PNG,Papua New Guinea,2005,SKJ,Skipjack,336976
PNG,Papua New Guinea,2005,YFT,Yellowfin,98138
PNG,Papua New Guinea,2005,BET,Bigeye,31840
PNG,Papua New Guinea,2005,ALB,Albacore,8621
SLB,Solomon Islands,2005,SKJ,Skipjack,158249
SLB,Solomon Islands,2005,YFT,Yellowfin,43878
SLB,Solomon Islands,2005,BET,Bigeye,14198
SLB,Solomon Islands,2005,ALB,Albacore,3663
FSM,Micronesia (Fed. States),2005,SKJ,Skipjack,198855
FSM,Micronesia (Fed. States),2005,YFT,Yellowfin,52176
FSM,Micronesia (Fed. States),2005,BET,Bigeye,15814
FSM,Micronesia (Fed. States),2005,ALB,Albacore,4180
NRU,Nauru,2005,SKJ,Skipjack,35060
NRU,Nauru,2005,YFT,Yellowfin,10062
NRU,Nauru,2005,BET,Bigeye,2967
NRU,Nauru,2005,ALB,Albacore,808
KIR,Kiribati,2005,SKJ,Skipjack,323682
KIR,Kiribati,2005,YFT,Yellowfin,93309
KIR,Kiribati,2005,BET,Bigeye,25887
KIR,Kiribati,2005,ALB,Albacore,7003
MHL,Marshall Islands,2005,SKJ,Skipjack,133814
MHL,Marshall Islands,2005,YFT,Yellowfin,43324
MHL,Marshall Islands,2005,BET,Bigeye,12357
MHL,Marshall Islands,2005,ALB,Albacore,3183
TUV,Tuvalu,2005,SKJ,Skipjack,45034
TUV,Tuvalu,2005,YFT,Yellowfin,12618
TUV,Tuvalu,2005,BET,Bigeye,3711
TUV,Tuvalu,2005,ALB,Albacore,1005
PLW,Palau,2005,SKJ,Skipjack,21795
PLW,Palau,2005,YFT,Yellowfin,5732
PLW,Palau,2005,BET,Bigeye,1821
PLW,Palau,2005,ALB,Albacore,470
TKL,Tokelau,2005,SKJ,Skipjack,19193
TKL,Tokelau,2005,YFT,Yellowfin,5487
TKL,Tokelau,2005,BET,Bigeye,1672
TKL,Tokelau,2005,ALB,Albacore,405
FJI,Fiji,2005,SKJ,Skipjack,66974
FJI,Fiji,2005,YFT,Yellowfin,19785
FJI,Fiji,2005,BET,Bigeye,5293
FJI,Fiji,2005,ALB,Albacore,7886
WSM,Samoa,2005,SKJ,Skipjack,26930
WSM,Samoa,2005,YFT,Yellowfin,6991
WSM,Samoa,2005,BET,Bigeye,2035
WSM,Samoa,2005,ALB,Albacore,3109
COK,Cook Islands,2005,SKJ,Skipjack,34233
COK,Cook Islands,2005,YFT,Yellowfin,10847
COK,Cook Islands,2005,BET,Bigeye,3012
COK,Cook Islands,2005,ALB,Albacore,4299
PYF,French Polynesia,2005,SKJ,Skipjack,33840
PYF,French Polynesia,2005,YFT,Yellowfin,9072
PYF,French Polynesia,2005,BET,Bigeye,3011
PYF,French Polynesia,2005,ALB,Albacore,4159
PNG,Papua New Guinea,2006,SKJ,Skipjack,341894
PNG,Papua New Guinea,2006,YFT,Yellowfin,101656
PNG,Papua New Guinea,2006,BET,Bigeye,28983
PNG,Papua New Guinea,2006,ALB,Albacore,7843
SLB,Solomon Islands,2006,SKJ,Skipjack,154934
SLB,Solomon Islands,2006,YFT,Yellowfin,45326
SLB,Solomon Islands,2006,BET,Bigeye,13030
SLB,Solomon Islands,2006,ALB,Albacore,3671
FSM,Micronesia (Fed. States),2006,SKJ,Skipjack,199651
FSM,Micronesia (Fed. States),2006,YFT,Yellowfin,60744
FSM,Micronesia (Fed. States),2006,BET,Bigeye,17076
FSM,Micronesia (Fed. States),2006,ALB,Albacore,4863
NRU,Nauru,2006,SKJ,Skipjack,34752
NRU,Nauru,2006,YFT,Yellowfin,9839
NRU,Nauru,2006,BET,Bigeye,3126
NRU,Nauru,2006,ALB,Albacore,786
KIR,Kiribati,2006,SKJ,Skipjack,319981
KIR,Kiribati,2006,YFT,Yellowfin,90098
KIR,Kiribati,2006,BET,Bigeye,28123
KIR,Kiribati,2006,ALB,Albacore,7540
MHL,Marshall Islands,2006,SKJ,Skipjack,154869
MHL,Marshall Islands,2006,YFT,Yellowfin,38749
MHL,Marshall Islands,2006,BET,Bigeye,13115
MHL,Marshall Islands,2006,ALB,Albacore,3092
TUV,Tuvalu,2006,SKJ,Skipjack,48414
TUV,Tuvalu,2006,YFT,Yellowfin,12137
TUV,Tuvalu,2006,BET,Bigeye,3970
TUV,Tuvalu,2006,ALB,Albacore,1064
PLW,Palau,2006,SKJ,Skipjack,21421
PLW,Palau,2006,YFT,Yellowfin,6027
PLW,Palau,2006,BET,Bigeye,1697
PLW,Palau,2006,ALB,Albacore,444
TKL,Tokelau,2006,SKJ,Skipjack,18404
TKL,Tokelau,2006,YFT,Yellowfin,5191
TKL,Tokelau,2006,BET,Bigeye,1653
TKL,Tokelau,2006,ALB,Albacore,450
FJI,Fiji,2006,SKJ,Skipjack,68474
FJI,Fiji,2006,YFT,Yellowfin,19553
FJI,Fiji,2006,BET,Bigeye,6279
FJI,Fiji,2006,ALB,Albacore,7541
WSM,Samoa,2006,SKJ,Skipjack,25834
WSM,Samoa,2006,YFT,Yellowfin,7561
WSM,Samoa,2006,BET,Bigeye,2520
WSM,Samoa,2006,ALB,Albacore,2946
COK,Cook Islands,2006,SKJ,Skipjack,42779
COK,Cook Islands,2006,YFT,Yellowfin,10867
COK,Cook Islands,2006,BET,Bigeye,3165
COK,Cook Islands,2006,ALB,Albacore,4163
PYF,French Polynesia,2006,SKJ,Skipjack,36336
PYF,French Polynesia,2006,YFT,Yellowfin,10500
PYF,French Polynesia,2006,BET,Bigeye,3165
PYF,French Polynesia,2006,ALB,Albacore,4108
PNG,Papua New Guinea,2007,SKJ,Skipjack,348865
PNG,Papua New Guinea,2007,YFT,Yellowfin,94735
PNG,Papua New Guinea,2007,BET,Bigeye,30769
PNG,Papua New Guinea,2007,ALB,Albacore,7640
SLB,Solomon Islands,2007,SKJ,Skipjack,164113
SLB,Solomon Islands,2007,YFT,Yellowfin,48105
SLB,Solomon Islands,2007,BET,Bigeye,13757
SLB,Solomon Islands,2007,ALB,Albacore,3718
FSM,Micronesia (Fed. States),2007,SKJ,Skipjack,195047
FSM,Micronesia (Fed. States),2007,YFT,Yellowfin,58314
FSM,Micronesia (Fed. States),2007,BET,Bigeye,17307
FSM,Micronesia (Fed. States),2007,ALB,Albacore,4822
NRU,Nauru,2007,SKJ,Skipjack,37642
NRU,Nauru,2007,YFT,Yellowfin,10872
NRU,Nauru,2007,BET,Bigeye,3090
NRU,Nauru,2007,ALB,Albacore,890
KIR,Kiribati,2007,SKJ,Skipjack,334176
KIR,Kiribati,2007,YFT,Yellowfin,100994
KIR,Kiribati,2007,BET,Bigeye,29823
KIR,Kiribati,2007,ALB,Albacore,7242
MHL,Marshall Islands,2007,SKJ,Skipjack,142029
MHL,Marshall Islands,2007,YFT,Yellowfin,42676
MHL,Marshall Islands,2007,BET,Bigeye,12460
MHL,Marshall Islands,2007,ALB,Albacore,3524
TUV,Tuvalu,2007,SKJ,Skipjack,46858
TUV,Tuvalu,2007,YFT,Yellowfin,13916
TUV,Tuvalu,2007,BET,Bigeye,3670
TUV,Tuvalu,2007,ALB,Albacore,991
PLW,Palau,2007,SKJ,Skipjack,19894
PLW,Palau,2007,YFT,Yellowfin,5607
PLW,Palau,2007,BET,Bigeye,1659
PLW,Palau,2007,ALB,Albacore,475
TKL,Tokelau,2007,SKJ,Skipjack,19665
TKL,Tokelau,2007,YFT,Yellowfin,5588
TKL,Tokelau,2007,BET,Bigeye,1606
TKL,Tokelau,2007,ALB,Albacore,423
FJI,Fiji,2007,SKJ,Skipjack,67226
FJI,Fiji,2007,YFT,Yellowfin,20078
FJI,Fiji,2007,BET,Bigeye,6323
FJI,Fiji,2007,ALB,Albacore,7422
WSM,Samoa,2007,SKJ,Skipjack,27275
WSM,Samoa,2007,YFT,Yellowfin,8297
WSM,Samoa,2007,BET,Bigeye,2417
WSM,Samoa,2007,ALB,Albacore,3028
COK,Cook Islands,2007,SKJ,Skipjack,40995
COK,Cook Islands,2007,YFT,Yellowfin,10346
COK,Cook Islands,2007,BET,Bigeye,3253
COK,Cook Islands,2007,ALB,Albacore,4505
PYF,French Polynesia,2007,SKJ,Skipjack,35836
PYF,French Polynesia,2007,YFT,Yellowfin,9732
PYF,French Polynesia,2007,BET,Bigeye,3030
PYF,French Polynesia,2007,ALB,Albacore,4209
PNG,Papua New Guinea,2008,SKJ,Skipjack,382501
PNG,Papua New Guinea,2008,YFT,Yellowfin,110869
PNG,Papua New Guinea,2008,BET,Bigeye,32120
PNG,Papua New Guinea,2008,ALB,Albacore,7770
SLB,Solomon Islands,2008,SKJ,Skipjack,170603
SLB,Solomon Islands,2008,YFT,Yellowfin,53582
SLB,Solomon Islands,2008,BET,Bigeye,14454
SLB,Solomon Islands,2008,ALB,Albacore,3658
FSM,Micronesia (Fed. States),2008,SKJ,Skipjack,214751
FSM,Micronesia (Fed. States),2008,YFT,Yellowfin,54062
FSM,Micronesia (Fed. States),2008,BET,Bigeye,17302
FSM,Micronesia (Fed. States),2008,ALB,Albacore,4531
NRU,Nauru,2008,SKJ,Skipjack,39046
NRU,Nauru,2008,YFT,Yellowfin,10997
NRU,Nauru,2008,BET,Bigeye,3376
NRU,Nauru,2008,ALB,Albacore,957
KIR,Kiribati,2008,SKJ,Skipjack,327206
KIR,Kiribati,2008,YFT,Yellowfin,99700
KIR,Kiribati,2008,BET,Bigeye,26528
KIR,Kiribati,2008,ALB,Albacore,8272
MHL,Marshall Islands,2008,SKJ,Skipjack,144284
MHL,Marshall Islands,2008,YFT,Yellowfin,44659
MHL,Marshall Islands,2008,BET,Bigeye,12800
MHL,Marshall Islands,2008,ALB,Albacore,3535
TUV,Tuvalu,2008,SKJ,Skipjack,48363
TUV,Tuvalu,2008,YFT,Yellowfin,13225
TUV,Tuvalu,2008,BET,Bigeye,3932
TUV,Tuvalu,2008,ALB,Albacore,1133
PLW,Palau,2008,SKJ,Skipjack,20734
PLW,Palau,2008,YFT,Yellowfin,5568
PLW,Palau,2008,BET,Bigeye,1718
PLW,Palau,2008,ALB,Albacore,456
TKL,Tokelau,2008,SKJ,Skipjack,21914
TKL,Tokelau,2008,YFT,Yellowfin,5855
TKL,Tokelau,2008,BET,Bigeye,1958
TKL,Tokelau,2008,ALB,Albacore,460
FJI,Fiji,2008,SKJ,Skipjack,66499
FJI,Fiji,2008,YFT,Yellowfin,19741
FJI,Fiji,2008,BET,Bigeye,5912
FJI,Fiji,2008,ALB,Albacore,8002
WSM,Samoa,2008,SKJ,Skipjack,29643
WSM,Samoa,2008,YFT,Yellowfin,8266
WSM,Samoa,2008,BET,Bigeye,2383
WSM,Samoa,2008,ALB,Albacore,3210
COK,Cook Islands,2008,SKJ,Skipjack,42460
COK,Cook Islands,2008,YFT,Yellowfin,13470
COK,Cook Islands,2008,BET,Bigeye,3627
COK,Cook Islands,2008,ALB,Albacore,4507
PYF,French Polynesia,2008,SKJ,Skipjack,39404
PYF,French Polynesia,2008,YFT,Yellowfin,11578
PYF,French Polynesia,2008,BET,Bigeye,3309
PYF,French Polynesia,2008,ALB,Albacore,4256
PNG,Papua New Guinea,2009,SKJ,Skipjack,321645
PNG,Papua New Guinea,2009,YFT,Yellowfin,93480
PNG,Papua New Guinea,2009,BET,Bigeye,29314
PNG,Papua New Guinea,2009,ALB,Albacore,7822
SLB,Solomon Islands,2009,SKJ,Skipjack,166776
SLB,Solomon Islands,2009,YFT,Yellowfin,47592
SLB,Solomon Islands,2009,BET,Bigeye,14453
SLB,Solomon Islands,2009,ALB,Albacore,3909
FSM,Micronesia (Fed. States),2009,SKJ,Skipjack,193473
FSM,Micronesia (Fed. States),2009,YFT,Yellowfin,55998
FSM,Micronesia (Fed. States),2009,BET,Bigeye,16517
FSM,Micronesia (Fed. States),2009,ALB,Albacore,4743
NRU,Nauru,2009,SKJ,Skipjack,37497
NRU,Nauru,2009,YFT,Yellowfin,11584
NRU,Nauru,2009,BET,Bigeye,3156
NRU,Nauru,2009,ALB,Albacore,973
KIR,Kiribati,2009,SKJ,Skipjack,390615
KIR,Kiribati,2009,YFT,Yellowfin,110710
KIR,Kiribati,2009,BET,Bigeye,29575
KIR,Kiribati,2009,ALB,Albacore,7807
MHL,Marshall Islands,2009,SKJ,Skipjack,167100
MHL,Marshall Islands,2009,YFT,Yellowfin,42140
MHL,Marshall Islands,2009,BET,Bigeye,13518
MHL,Marshall Islands,2009,ALB,Albacore,3270
TUV,Tuvalu,2009,SKJ,Skipjack,50217
TUV,Tuvalu,2009,YFT,Yellowfin,14597
TUV,Tuvalu,2009,BET,Bigeye,4001
TUV,Tuvalu,2009,ALB,Albacore,1021
PLW,Palau,2009,SKJ,Skipjack,18332
PLW,Palau,2009,YFT,Yellowfin,4952
PLW,Palau,2009,BET,Bigeye,1568
PLW,Palau,2009,ALB,Albacore,403
TKL,Tokelau,2009,SKJ,Skipjack,22801
TKL,Tokelau,2009,YFT,Yellowfin,6332
TKL,Tokelau,2009,BET,Bigeye,1888
TKL,Tokelau,2009,ALB,Albacore,504
FJI,Fiji,2009,SKJ,Skipjack,75969
FJI,Fiji,2009,YFT,Yellowfin,20804
FJI,Fiji,2009,BET,Bigeye,5927
FJI,Fiji,2009,ALB,Albacore,8530
WSM,Samoa,2009,SKJ,Skipjack,30954
WSM,Samoa,2009,YFT,Yellowfin,8745
WSM,Samoa,2009,BET,Bigeye,2619
WSM,Samoa,2009,ALB,Albacore,3704
COK,Cook Islands,2009,SKJ,Skipjack,48099
COK,Cook Islands,2009,YFT,Yellowfin,13076
COK,Cook Islands,2009,BET,Bigeye,4198
COK,Cook Islands,2009,ALB,Albacore,5682
PYF,French Polynesia,2009,SKJ,Skipjack,47208
PYF,French Polynesia,2009,YFT,Yellowfin,13971
PYF,French Polynesia,2009,BET,Bigeye,3784
PYF,French Polynesia,2009,ALB,Albacore,5292
PNG,Papua New Guinea,2010,SKJ,Skipjack,357075
PNG,Papua New Guinea,2010,YFT,Yellowfin,115040
PNG,Papua New Guinea,2010,BET,Bigeye,32998
PNG,Papua New Guinea,2010,ALB,Albacore,9006
SLB,Solomon Islands,2010,SKJ,Skipjack,199682
SLB,Solomon Islands,2010,YFT,Yellowfin,47171
SLB,Solomon Islands,2010,BET,Bigeye,15245
SLB,Solomon Islands,2010,ALB,Albacore,4071
FSM,Micronesia (Fed. States),2010,SKJ,Skipjack,204671
FSM,Micronesia (Fed. States),2010,YFT,Yellowfin,65402
FSM,Micronesia (Fed. States),2010,BET,Bigeye,19877
FSM,Micronesia (Fed. States),2010,ALB,Albacore,5125
NRU,Nauru,2010,SKJ,Skipjack,38909
NRU,Nauru,2010,YFT,Yellowfin,11222
NRU,Nauru,2010,BET,Bigeye,3118
NRU,Nauru,2010,ALB,Albacore,888
KIR,Kiribati,2010,SKJ,Skipjack,309610
KIR,Kiribati,2010,YFT,Yellowfin,97488
KIR,Kiribati,2010,BET,Bigeye,26423
KIR,Kiribati,2010,ALB,Albacore,7286
MHL,Marshall Islands,2010,SKJ,Skipjack,164390
MHL,Marshall Islands,2010,YFT,Yellowfin,43892
MHL,Marshall Islands,2010,BET,Bigeye,12836
MHL,Marshall Islands,2010,ALB,Albacore,3712
TUV,Tuvalu,2010,SKJ,Skipjack,49057
TUV,Tuvalu,2010,YFT,Yellowfin,12802
TUV,Tuvalu,2010,BET,Bigeye,4214
TUV,Tuvalu,2010,ALB,Albacore,1044
PLW,Palau,2010,SKJ,Skipjack,25404
PLW,Palau,2010,YFT,Yellowfin,7331
PLW,Palau,2010,BET,Bigeye,2130
PLW,Palau,2010,ALB,Albacore,561
TKL,Tokelau,2010,SKJ,Skipjack,17940
TKL,Tokelau,2010,YFT,Yellowfin,5414
TKL,Tokelau,2010,BET,Bigeye,1627
TKL,Tokelau,2010,ALB,Albacore,417
FJI,Fiji,2010,SKJ,Skipjack,68147
FJI,Fiji,2010,YFT,Yellowfin,19897
FJI,Fiji,2010,BET,Bigeye,5758
FJI,Fiji,2010,ALB,Albacore,7938
WSM,Samoa,2010,SKJ,Skipjack,27124
WSM,Samoa,2010,YFT,Yellowfin,6724
WSM,Samoa,2010,BET,Bigeye,2218
WSM,Samoa,2010,ALB,Albacore,2862
COK,Cook Islands,2010,SKJ,Skipjack,39931
COK,Cook Islands,2010,YFT,Yellowfin,10152
COK,Cook Islands,2010,BET,Bigeye,3152
COK,Cook Islands,2010,ALB,Albacore,4159
PYF,French Polynesia,2010,SKJ,Skipjack,30700
PYF,French Polynesia,2010,YFT,Yellowfin,8986
PYF,French Polynesia,2010,BET,Bigeye,2601
PYF,French Polynesia,2010,ALB,Albacore,3488
PNG,Papua New Guinea,2011,SKJ,Skipjack,339648
PNG,Papua New Guinea,2011,YFT,Yellowfin,101044
PNG,Papua New Guinea,2011,BET,Bigeye,26999
PNG,Papua New Guinea,2011,ALB,Albacore,8789
SLB,Solomon Islands,2011,SKJ,Skipjack,183035
SLB,Solomon Islands,2011,YFT,Yellowfin,45379
SLB,Solomon Islands,2011,BET,Bigeye,14666
SLB,Solomon Islands,2011,ALB,Albacore,4225
FSM,Micronesia (Fed. States),2011,SKJ,Skipjack,233956
FSM,Micronesia (Fed. States),2011,YFT,Yellowfin,58953
FSM,Micronesia (Fed. States),2011,BET,Bigeye,17815
FSM,Micronesia (Fed. States),2011,ALB,Albacore,4886
NRU,Nauru,2011,SKJ,Skipjack,42197
NRU,Nauru,2011,YFT,Yellowfin,11202
NRU,Nauru,2011,BET,Bigeye,3470
NRU,Nauru,2011,ALB,Albacore,900
KIR,Kiribati,2011,SKJ,Skipjack,381279
KIR,Kiribati,2011,YFT,Yellowfin,106573
KIR,Kiribati,2011,BET,Bigeye,29824
KIR,Kiribati,2011,ALB,Albacore,8605
MHL,Marshall Islands,2011,SKJ,Skipjack,163497
MHL,Marshall Islands,2011,YFT,Yellowfin,49165
MHL,Marshall Islands,2011,BET,Bigeye,14346
MHL,Marshall Islands,2011,ALB,Albacore,3636
TUV,Tuvalu,2011,SKJ,Skipjack,50481
TUV,Tuvalu,2011,YFT,Yellowfin,14487
TUV,Tuvalu,2011,BET,Bigeye,4470
TUV,Tuvalu,2011,ALB,Albacore,1138
PLW,Palau,2011,SKJ,Skipjack,20580
PLW,Palau,2011,YFT,Yellowfin,5891
PLW,Palau,2011,BET,Bigeye,1698
PLW,Palau,2011,ALB,Albacore,488
TKL,Tokelau,2011,SKJ,Skipjack,19744
TKL,Tokelau,2011,YFT,Yellowfin,6326
TKL,Tokelau,2011,BET,Bigeye,1835
TKL,Tokelau,2011,ALB,Albacore,575
FJI,Fiji,2011,SKJ,Skipjack,67534
FJI,Fiji,2011,YFT,Yellowfin,19572
FJI,Fiji,2011,BET,Bigeye,6375
FJI,Fiji,2011,ALB,Albacore,8693
WSM,Samoa,2011,SKJ,Skipjack,29014
WSM,Samoa,2011,YFT,Yellowfin,8114
WSM,Samoa,2011,BET,Bigeye,2575
WSM,Samoa,2011,ALB,Albacore,3264
COK,Cook Islands,2011,SKJ,Skipjack,46464
COK,Cook Islands,2011,YFT,Yellowfin,13747
COK,Cook Islands,2011,BET,Bigeye,3729
COK,Cook Islands,2011,ALB,Albacore,5270
PYF,French Polynesia,2011,SKJ,Skipjack,43399
PYF,French Polynesia,2011,YFT,Yellowfin,11886
PYF,French Polynesia,2011,BET,Bigeye,3758
PYF,French Polynesia,2011,ALB,Albacore,4695
PNG,Papua New Guinea,2012,SKJ,Skipjack,359082
PNG,Papua New Guinea,2012,YFT,Yellowfin,120136
PNG,Papua New Guinea,2012,BET,Bigeye,32450
PNG,Papua New Guinea,2012,ALB,Albacore,8566
SLB,Solomon Islands,2012,SKJ,Skipjack,159868
SLB,Solomon Islands,2012,YFT,Yellowfin,48597
SLB,Solomon Islands,2012,BET,Bigeye,14703
SLB,Solomon Islands,2012,ALB,Albacore,3895
FSM,Micronesia (Fed. States),2012,SKJ,Skipjack,204783
FSM,Micronesia (Fed. States),2012,YFT,Yellowfin,59971
FSM,Micronesia (Fed. States),2012,BET,Bigeye,17569
FSM,Micronesia (Fed. States),2012,ALB,Albacore,4866
NRU,Nauru,2012,SKJ,Skipjack,39564
NRU,Nauru,2012,YFT,Yellowfin,11268
NRU,Nauru,2012,BET,Bigeye,3564
NRU,Nauru,2012,ALB,Albacore,885
KIR,Kiribati,2012,SKJ,Skipjack,368752
KIR,Kiribati,2012,YFT,Yellowfin,95873
KIR,Kiribati,2012,BET,Bigeye,32068
KIR,Kiribati,2012,ALB,Albacore,8326
MHL,Marshall Islands,2012,SKJ,Skipjack,159505
MHL,Marshall Islands,2012,YFT,Yellowfin,48408
MHL,Marshall Islands,2012,BET,Bigeye,13134
MHL,Marshall Islands,2012,ALB,Albacore,3864
TUV,Tuvalu,2012,SKJ,Skipjack,54491
TUV,Tuvalu,2012,YFT,Yellowfin,13471
TUV,Tuvalu,2012,BET,Bigeye,4166
TUV,Tuvalu,2012,ALB,Albacore,1118
PLW,Palau,2012,SKJ,Skipjack,20656
PLW,Palau,2012,YFT,Yellowfin,6084
PLW,Palau,2012,BET,Bigeye,1781
PLW,Palau,2012,ALB,Albacore,480
TKL,Tokelau,2012,SKJ,Skipjack,20935
TKL,Tokelau,2012,YFT,Yellowfin,6350
TKL,Tokelau,2012,BET,Bigeye,1968
TKL,Tokelau,2012,ALB,Albacore,491
FJI,Fiji,2012,SKJ,Skipjack,83906
FJI,Fiji,2012,YFT,Yellowfin,23176
FJI,Fiji,2012,BET,Bigeye,6530
FJI,Fiji,2012,ALB,Albacore,8391
WSM,Samoa,2012,SKJ,Skipjack,32659
WSM,Samoa,2012,YFT,Yellowfin,8387
WSM,Samoa,2012,BET,Bigeye,2626
WSM,Samoa,2012,ALB,Albacore,3451
COK,Cook Islands,2012,SKJ,Skipjack,46651
COK,Cook Islands,2012,YFT,Yellowfin,13658
COK,Cook Islands,2012,BET,Bigeye,3965
COK,Cook Islands,2012,ALB,Albacore,5086
PYF,French Polynesia,2012,SKJ,Skipjack,42592
PYF,French Polynesia,2012,YFT,Yellowfin,12397
PYF,French Polynesia,2012,BET,Bigeye,3464
PYF,French Polynesia,2012,ALB,Albacore,4629
PNG,Papua New Guinea,2013,SKJ,Skipjack,369274
PNG,Papua New Guinea,2013,YFT,Yellowfin,107393
PNG,Papua New Guinea,2013,BET,Bigeye,33312
PNG,Papua New Guinea,2013,ALB,Albacore,8590
SLB,Solomon Islands,2013,SKJ,Skipjack,171608
SLB,Solomon Islands,2013,YFT,Yellowfin,48883
SLB,Solomon Islands,2013,BET,Bigeye,14763
SLB,Solomon Islands,2013,ALB,Albacore,4064
FSM,Micronesia (Fed. States),2013,SKJ,Skipjack,223021
FSM,Micronesia (Fed. States),2013,YFT,Yellowfin,57810
FSM,Micronesia (Fed. States),2013,BET,Bigeye,16907
FSM,Micronesia (Fed. States),2013,ALB,Albacore,4440
NRU,Nauru,2013,SKJ,Skipjack,39754
NRU,Nauru,2013,YFT,Yellowfin,11601
NRU,Nauru,2013,BET,Bigeye,3722
NRU,Nauru,2013,ALB,Albacore,940
KIR,Kiribati,2013,SKJ,Skipjack,367094
KIR,Kiribati,2013,YFT,Yellowfin,107065
KIR,Kiribati,2013,BET,Bigeye,34042
KIR,Kiribati,2013,ALB,Albacore,8218
MHL,Marshall Islands,2013,SKJ,Skipjack,175059
MHL,Marshall Islands,2013,YFT,Yellowfin,48636
MHL,Marshall Islands,2013,BET,Bigeye,15150
MHL,Marshall Islands,2013,ALB,Albacore,3890
TUV,Tuvalu,2013,SKJ,Skipjack,53389
TUV,Tuvalu,2013,YFT,Yellowfin,14144
TUV,Tuvalu,2013,BET,Bigeye,4209
TUV,Tuvalu,2013,ALB,Albacore,1246
PLW,Palau,2013,SKJ,Skipjack,21599
PLW,Palau,2013,YFT,Yellowfin,6066
PLW,Palau,2013,BET,Bigeye,1842
PLW,Palau,2013,ALB,Albacore,449
TKL,Tokelau,2013,SKJ,Skipjack,22221
TKL,Tokelau,2013,YFT,Yellowfin,6480
TKL,Tokelau,2013,BET,Bigeye,2070
TKL,Tokelau,2013,ALB,Albacore,509
FJI,Fiji,2013,SKJ,Skipjack,80280
FJI,Fiji,2013,YFT,Yellowfin,23586
FJI,Fiji,2013,BET,Bigeye,6805
FJI,Fiji,2013,ALB,Albacore,8292
WSM,Samoa,2013,SKJ,Skipjack,29944
WSM,Samoa,2013,YFT,Yellowfin,8392
WSM,Samoa,2013,BET,Bigeye,2889
WSM,Samoa,2013,ALB,Albacore,3654
COK,Cook Islands,2013,SKJ,Skipjack,48347
COK,Cook Islands,2013,YFT,Yellowfin,14100
COK,Cook Islands,2013,BET,Bigeye,4046
COK,Cook Islands,2013,ALB,Albacore,5380
PYF,French Polynesia,2013,SKJ,Skipjack,44827
PYF,French Polynesia,2013,YFT,Yellowfin,12462
PYF,French Polynesia,2013,BET,Bigeye,3601
PYF,French Polynesia,2013,ALB,Albacore,5113
PNG,Papua New Guinea,2014,SKJ,Skipjack,341755
PNG,Papua New Guinea,2014,YFT,Yellowfin,101940
PNG,Papua New Guinea,2014,BET,Bigeye,31059
PNG,Papua New Guinea,2014,ALB,Albacore,8214
SLB,Solomon Islands,2014,SKJ,Skipjack,177991
SLB,Solomon Islands,2014,YFT,Yellowfin,52486
SLB,Solomon Islands,2014,BET,Bigeye,14874
SLB,Solomon Islands,2014,ALB,Albacore,3874
FSM,Micronesia (Fed. States),2014,SKJ,Skipjack,220486
FSM,Micronesia (Fed. States),2014,YFT,Yellowfin,57519
FSM,Micronesia (Fed. States),2014,BET,Bigeye,19054
FSM,Micronesia (Fed. States),2014,ALB,Albacore,4645
NRU,Nauru,2014,SKJ,Skipjack,44359
NRU,Nauru,2014,YFT,Yellowfin,11573
NRU,Nauru,2014,BET,Bigeye,3557
NRU,Nauru,2014,ALB,Albacore,952
KIR,Kiribati,2014,SKJ,Skipjack,370233
KIR,Kiribati,2014,YFT,Yellowfin,121117
KIR,Kiribati,2014,BET,Bigeye,33844
KIR,Kiribati,2014,ALB,Albacore,9648
MHL,Marshall Islands,2014,SKJ,Skipjack,165674
MHL,Marshall Islands,2014,YFT,Yellowfin,49758
MHL,Marshall Islands,2014,BET,Bigeye,14861
MHL,Marshall Islands,2014,ALB,Albacore,3768
TUV,Tuvalu,2014,SKJ,Skipjack,54507
TUV,Tuvalu,2014,YFT,Yellowfin,15769
TUV,Tuvalu,2014,BET,Bigeye,4739
TUV,Tuvalu,2014,ALB,Albacore,1150
PLW,Palau,2014,SKJ,Skipjack,20434
PLW,Palau,2014,YFT,Yellowfin,5381
PLW,Palau,2014,BET,Bigeye,1713
PLW,Palau,2014,ALB,Albacore,445
TKL,Tokelau,2014,SKJ,Skipjack,23700
TKL,Tokelau,2014,YFT,Yellowfin,6672
TKL,Tokelau,2014,BET,Bigeye,1981
TKL,Tokelau,2014,ALB,Albacore,548
FJI,Fiji,2014,SKJ,Skipjack,79291
FJI,Fiji,2014,YFT,Yellowfin,24648
FJI,Fiji,2014,BET,Bigeye,7250
FJI,Fiji,2014,ALB,Albacore,9237
WSM,Samoa,2014,SKJ,Skipjack,32149
WSM,Samoa,2014,YFT,Yellowfin,9635
WSM,Samoa,2014,BET,Bigeye,2905
WSM,Samoa,2014,ALB,Albacore,3703
COK,Cook Islands,2014,SKJ,Skipjack,53208
COK,Cook Islands,2014,YFT,Yellowfin,16041
COK,Cook Islands,2014,BET,Bigeye,4051
COK,Cook Islands,2014,ALB,Albacore,5726
PYF,French Polynesia,2014,SKJ,Skipjack,45726
PYF,French Polynesia,2014,YFT,Yellowfin,12504
PYF,French Polynesia,2014,BET,Bigeye,4062
PYF,French Polynesia,2014,ALB,Albacore,5718
PNG,Papua New Guinea,2015,SKJ,Skipjack,278109
PNG,Papua New Guinea,2015,YFT,Yellowfin,78789
PNG,Papua New Guinea,2015,BET,Bigeye,23619
PNG,Papua New Guinea,2015,ALB,Albacore,5530
SLB,Solomon Islands,2015,SKJ,Skipjack,173177
SLB,Solomon Islands,2015,YFT,Yellowfin,47541
SLB,Solomon Islands,2015,BET,Bigeye,13293
SLB,Solomon Islands,2015,ALB,Albacore,3736
FSM,Micronesia (Fed. States),2015,SKJ,Skipjack,171219
FSM,Micronesia (Fed. States),2015,YFT,Yellowfin,54842
FSM,Micronesia (Fed. States),2015,BET,Bigeye,16840
FSM,Micronesia (Fed. States),2015,ALB,Albacore,4022
NRU,Nauru,2015,SKJ,Skipjack,42963
NRU,Nauru,2015,YFT,Yellowfin,12810
NRU,Nauru,2015,BET,Bigeye,3435
NRU,Nauru,2015,ALB,Albacore,923
KIR,Kiribati,2015,SKJ,Skipjack,422076
KIR,Kiribati,2015,YFT,Yellowfin,117658
KIR,Kiribati,2015,BET,Bigeye,39681
KIR,Kiribati,2015,ALB,Albacore,10135
MHL,Marshall Islands,2015,SKJ,Skipjack,194742
MHL,Marshall Islands,2015,YFT,Yellowfin,58177
MHL,Marshall Islands,2015,BET,Bigeye,15783
MHL,Marshall Islands,2015,ALB,Albacore,4169
TUV,Tuvalu,2015,SKJ,Skipjack,60218
TUV,Tuvalu,2015,YFT,Yellowfin,17133
TUV,Tuvalu,2015,BET,Bigeye,5070
TUV,Tuvalu,2015,ALB,Albacore,1365
PLW,Palau,2015,SKJ,Skipjack,11596
PLW,Palau,2015,YFT,Yellowfin,3306
PLW,Palau,2015,BET,Bigeye,918
PLW,Palau,2015,ALB,Albacore,283
TKL,Tokelau,2015,SKJ,Skipjack,28849
TKL,Tokelau,2015,YFT,Yellowfin,8621
TKL,Tokelau,2015,BET,Bigeye,2686
TKL,Tokelau,2015,ALB,Albacore,628
FJI,Fiji,2015,SKJ,Skipjack,93656
FJI,Fiji,2015,YFT,Yellowfin,26455
FJI,Fiji,2015,BET,Bigeye,7455
FJI,Fiji,2015,ALB,Albacore,11660
WSM,Samoa,2015,SKJ,Skipjack,41064
WSM,Samoa,2015,YFT,Yellowfin,11717
WSM,Samoa,2015,BET,Bigeye,3343
WSM,Samoa,2015,ALB,Albacore,4655
COK,Cook Islands,2015,SKJ,Skipjack,62985
COK,Cook Islands,2015,YFT,Yellowfin,18861
COK,Cook Islands,2015,BET,Bigeye,5859
COK,Cook Islands,2015,ALB,Albacore,7141
PYF,French Polynesia,2015,SKJ,Skipjack,60158
PYF,French Polynesia,2015,YFT,Yellowfin,19004
PYF,French Polynesia,2015,BET,Bigeye,5492
PYF,French Polynesia,2015,ALB,Albacore,7853
PNG,Papua New Guinea,2016,SKJ,Skipjack,329545
PNG,Papua New Guinea,2016,YFT,Yellowfin,81858
PNG,Papua New Guinea,2016,BET,Bigeye,25533
PNG,Papua New Guinea,2016,ALB,Albacore,6446
SLB,Solomon Islands,2016,SKJ,Skipjack,175223
SLB,Solomon Islands,2016,YFT,Yellowfin,46532
SLB,Solomon Islands,2016,BET,Bigeye,14484
SLB,Solomon Islands,2016,ALB,Albacore,3577
FSM,Micronesia (Fed. States),2016,SKJ,Skipjack,218524
FSM,Micronesia (Fed. States),2016,YFT,Yellowfin,64696
FSM,Micronesia (Fed. States),2016,BET,Bigeye,17398
FSM,Micronesia (Fed. States),2016,ALB,Albacore,4546
NRU,Nauru,2016,SKJ,Skipjack,46662
NRU,Nauru,2016,YFT,Yellowfin,12320
NRU,Nauru,2016,BET,Bigeye,3791
NRU,Nauru,2016,ALB,Albacore,1024
KIR,Kiribati,2016,SKJ,Skipjack,493312
KIR,Kiribati,2016,YFT,Yellowfin,133127
KIR,Kiribati,2016,BET,Bigeye,39624
KIR,Kiribati,2016,ALB,Albacore,9574
MHL,Marshall Islands,2016,SKJ,Skipjack,203229
MHL,Marshall Islands,2016,YFT,Yellowfin,52403
MHL,Marshall Islands,2016,BET,Bigeye,14929
MHL,Marshall Islands,2016,ALB,Albacore,4102
TUV,Tuvalu,2016,SKJ,Skipjack,59452
TUV,Tuvalu,2016,YFT,Yellowfin,17318
TUV,Tuvalu,2016,BET,Bigeye,5044
TUV,Tuvalu,2016,ALB,Albacore,1267
PLW,Palau,2016,SKJ,Skipjack,15850
PLW,Palau,2016,YFT,Yellowfin,4094
PLW,Palau,2016,BET,Bigeye,1168
PLW,Palau,2016,ALB,Albacore,327
TKL,Tokelau,2016,SKJ,Skipjack,29388
TKL,Tokelau,2016,YFT,Yellowfin,7930
TKL,Tokelau,2016,BET,Bigeye,2435
TKL,Tokelau,2016,ALB,Albacore,626
FJI,Fiji,2016,SKJ,Skipjack,93437
FJI,Fiji,2016,YFT,Yellowfin,28707
FJI,Fiji,2016,BET,Bigeye,7970
FJI,Fiji,2016,ALB,Albacore,10534
WSM,Samoa,2016,SKJ,Skipjack,36752
WSM,Samoa,2016,YFT,Yellowfin,11778
WSM,Samoa,2016,BET,Bigeye,3371
WSM,Samoa,2016,ALB,Albacore,4060
COK,Cook Islands,2016,SKJ,Skipjack,64910
COK,Cook Islands,2016,YFT,Yellowfin,16302
COK,Cook Islands,2016,BET,Bigeye,5690
COK,Cook Islands,2016,ALB,Albacore,7293
PYF,French Polynesia,2016,SKJ,Skipjack,63914
PYF,French Polynesia,2016,YFT,Yellowfin,19192
PYF,French Polynesia,2016,BET,Bigeye,4897
PYF,French Polynesia,2016,ALB,Albacore,7421
PNG,Papua New Guinea,2017,SKJ,Skipjack,387579
PNG,Papua New Guinea,2017,YFT,Yellowfin,95993
PNG,Papua New Guinea,2017,BET,Bigeye,30314
PNG,Papua New Guinea,2017,ALB,Albacore,8078
SLB,Solomon Islands,2017,SKJ,Skipjack,181275
SLB,Solomon Islands,2017,YFT,Yellowfin,55822
SLB,Solomon Islands,2017,BET,Bigeye,14482
SLB,Solomon Islands,2017,ALB,Albacore,4162
FSM,Micronesia (Fed. States),2017,SKJ,Skipjack,219172
FSM,Micronesia (Fed. States),2017,YFT,Yellowfin,66999
FSM,Micronesia (Fed. States),2017,BET,Bigeye,19933
FSM,Micronesia (Fed. States),2017,ALB,Albacore,5368
NRU,Nauru,2017,SKJ,Skipjack,42808
NRU,Nauru,2017,YFT,Yellowfin,12283
NRU,Nauru,2017,BET,Bigeye,3613
NRU,Nauru,2017,ALB,Albacore,1074
KIR,Kiribati,2017,SKJ,Skipjack,447491
KIR,Kiribati,2017,YFT,Yellowfin,132364
KIR,Kiribati,2017,BET,Bigeye,33233
KIR,Kiribati,2017,ALB,Albacore,9167
MHL,Marshall Islands,2017,SKJ,Skipjack,187224
MHL,Marshall Islands,2017,YFT,Yellowfin,53099
MHL,Marshall Islands,2017,BET,Bigeye,15123
MHL,Marshall Islands,2017,ALB,Albacore,4050
TUV,Tuvalu,2017,SKJ,Skipjack,55935
TUV,Tuvalu,2017,YFT,Yellowfin,18025
TUV,Tuvalu,2017,BET,Bigeye,5142
TUV,Tuvalu,2017,ALB,Albacore,1264
PLW,Palau,2017,SKJ,Skipjack,19534
PLW,Palau,2017,YFT,Yellowfin,5800
PLW,Palau,2017,BET,Bigeye,1983
PLW,Palau,2017,ALB,Albacore,460
TKL,Tokelau,2017,SKJ,Skipjack,25931
TKL,Tokelau,2017,YFT,Yellowfin,6816
TKL,Tokelau,2017,BET,Bigeye,2029
TKL,Tokelau,2017,ALB,Albacore,587
FJI,Fiji,2017,SKJ,Skipjack,81307
FJI,Fiji,2017,YFT,Yellowfin,22901
FJI,Fiji,2017,BET,Bigeye,6834
FJI,Fiji,2017,ALB,Albacore,9724
WSM,Samoa,2017,SKJ,Skipjack,34594
WSM,Samoa,2017,YFT,Yellowfin,9783
WSM,Samoa,2017,BET,Bigeye,2814
WSM,Samoa,2017,ALB,Albacore,3920
COK,Cook Islands,2017,SKJ,Skipjack,52817
COK,Cook Islands,2017,YFT,Yellowfin,14853
COK,Cook Islands,2017,BET,Bigeye,4596
COK,Cook Islands,2017,ALB,Albacore,5898
PYF,French Polynesia,2017,SKJ,Skipjack,54505
PYF,French Polynesia,2017,YFT,Yellowfin,13559
PYF,French Polynesia,2017,BET,Bigeye,4524
PYF,French Polynesia,2017,ALB,Albacore,5420
PNG,Papua New Guinea,2018,SKJ,Skipjack,362939
PNG,Papua New Guinea,2018,YFT,Yellowfin,101871
PNG,Papua New Guinea,2018,BET,Bigeye,31475
PNG,Papua New Guinea,2018,ALB,Albacore,7587
SLB,Solomon Islands,2018,SKJ,Skipjack,178586
SLB,Solomon Islands,2018,YFT,Yellowfin,51393
SLB,Solomon Islands,2018,BET,Bigeye,16446
SLB,Solomon Islands,2018,ALB,Albacore,4489
FSM,Micronesia (Fed. States),2018,SKJ,Skipjack,225496
FSM,Micronesia (Fed. States),2018,YFT,Yellowfin,58599
FSM,Micronesia (Fed. States),2018,BET,Bigeye,19402
FSM,Micronesia (Fed. States),2018,ALB,Albacore,5168
NRU,Nauru,2018,SKJ,Skipjack,43843
NRU,Nauru,2018,YFT,Yellowfin,11438
NRU,Nauru,2018,BET,Bigeye,3420
NRU,Nauru,2018,ALB,Albacore,988
KIR,Kiribati,2018,SKJ,Skipjack,458817
KIR,Kiribati,2018,YFT,Yellowfin,130174
KIR,Kiribati,2018,BET,Bigeye,37838
KIR,Kiribati,2018,ALB,Albacore,10503
MHL,Marshall Islands,2018,SKJ,Skipjack,192063
MHL,Marshall Islands,2018,YFT,Yellowfin,54488
MHL,Marshall Islands,2018,BET,Bigeye,15281
MHL,Marshall Islands,2018,ALB,Albacore,4432
TUV,Tuvalu,2018,SKJ,Skipjack,57047
TUV,Tuvalu,2018,YFT,Yellowfin,15667
TUV,Tuvalu,2018,BET,Bigeye,5086
TUV,Tuvalu,2018,ALB,Albacore,1413
PLW,Palau,2018,SKJ,Skipjack,19257
PLW,Palau,2018,YFT,Yellowfin,4927
PLW,Palau,2018,BET,Bigeye,1562
PLW,Palau,2018,ALB,Albacore,372
TKL,Tokelau,2018,SKJ,Skipjack,25842
TKL,Tokelau,2018,YFT,Yellowfin,7426
TKL,Tokelau,2018,BET,Bigeye,2423
TKL,Tokelau,2018,ALB,Albacore,565
FJI,Fiji,2018,SKJ,Skipjack,96874
FJI,Fiji,2018,YFT,Yellowfin,25142
FJI,Fiji,2018,BET,Bigeye,7566
FJI,Fiji,2018,ALB,Albacore,9112
WSM,Samoa,2018,SKJ,Skipjack,35342
WSM,Samoa,2018,YFT,Yellowfin,10750
WSM,Samoa,2018,BET,Bigeye,3008
WSM,Samoa,2018,ALB,Albacore,3967
COK,Cook Islands,2018,SKJ,Skipjack,61852
COK,Cook Islands,2018,YFT,Yellowfin,16785
COK,Cook Islands,2018,BET,Bigeye,5105
COK,Cook Islands,2018,ALB,Albacore,6915
PYF,French Polynesia,2018,SKJ,Skipjack,56936
PYF,French Polynesia,2018,YFT,Yellowfin,17053
PYF,French Polynesia,2018,BET,Bigeye,4769
PYF,French Polynesia,2018,ALB,Albacore,6761
PNG,Papua New Guinea,2019,SKJ,Skipjack,332030
PNG,Papua New Guinea,2019,YFT,Yellowfin,92136
PNG,Papua New Guinea,2019,BET,Bigeye,29131
PNG,Papua New Guinea,2019,ALB,Albacore,7274
SLB,Solomon Islands,2019,SKJ,Skipjack,183525
SLB,Solomon Islands,2019,YFT,Yellowfin,44080
SLB,Solomon Islands,2019,BET,Bigeye,15506
SLB,Solomon Islands,2019,ALB,Albacore,4307
FSM,Micronesia (Fed. States),2019,SKJ,Skipjack,220165
FSM,Micronesia (Fed. States),2019,YFT,Yellowfin,59763
FSM,Micronesia (Fed. States),2019,BET,Bigeye,19177
FSM,Micronesia (Fed. States),2019,ALB,Albacore,5116
NRU,Nauru,2019,SKJ,Skipjack,43810
NRU,Nauru,2019,YFT,Yellowfin,12984
NRU,Nauru,2019,BET,Bigeye,4043
NRU,Nauru,2019,ALB,Albacore,932
KIR,Kiribati,2019,SKJ,Skipjack,437146
KIR,Kiribati,2019,YFT,Yellowfin,145451
KIR,Kiribati,2019,BET,Bigeye,39436
KIR,Kiribati,2019,ALB,Albacore,9762
MHL,Marshall Islands,2019,SKJ,Skipjack,187386
MHL,Marshall Islands,2019,YFT,Yellowfin,57712
MHL,Marshall Islands,2019,BET,Bigeye,16353
MHL,Marshall Islands,2019,ALB,Albacore,4008
TUV,Tuvalu,2019,SKJ,Skipjack,55775
TUV,Tuvalu,2019,YFT,Yellowfin,18563
TUV,Tuvalu,2019,BET,Bigeye,5625
TUV,Tuvalu,2019,ALB,Albacore,1530
PLW,Palau,2019,SKJ,Skipjack,15564
PLW,Palau,2019,YFT,Yellowfin,4838
PLW,Palau,2019,BET,Bigeye,1266
PLW,Palau,2019,ALB,Albacore,363
TKL,Tokelau,2019,SKJ,Skipjack,26862
TKL,Tokelau,2019,YFT,Yellowfin,7768
TKL,Tokelau,2019,BET,Bigeye,2576
TKL,Tokelau,2019,ALB,Albacore,652
FJI,Fiji,2019,SKJ,Skipjack,94174
FJI,Fiji,2019,YFT,Yellowfin,26089
FJI,Fiji,2019,BET,Bigeye,7578
FJI,Fiji,2019,ALB,Albacore,10020
WSM,Samoa,2019,SKJ,Skipjack,41048
WSM,Samoa,2019,YFT,Yellowfin,11656
WSM,Samoa,2019,BET,Bigeye,3705
WSM,Samoa,2019,ALB,Albacore,4692
COK,Cook Islands,2019,SKJ,Skipjack,66986
COK,Cook Islands,2019,YFT,Yellowfin,18058
COK,Cook Islands,2019,BET,Bigeye,5475
COK,Cook Islands,2019,ALB,Albacore,7182
PYF,French Polynesia,2019,SKJ,Skipjack,62597
PYF,French Polynesia,2019,YFT,Yellowfin,16618
PYF,French Polynesia,2019,BET,Bigeye,5340
PYF,French Polynesia,2019,ALB,Albacore,6659
PNG,Papua New Guinea,2020,SKJ,Skipjack,428793
PNG,Papua New Guinea,2020,YFT,Yellowfin,116600
PNG,Papua New Guinea,2020,BET,Bigeye,34399
PNG,Papua New Guinea,2020,ALB,Albacore,9830
SLB,Solomon Islands,2020,SKJ,Skipjack,222587
SLB,Solomon Islands,2020,YFT,Yellowfin,56797
SLB,Solomon Islands,2020,BET,Bigeye,16942
SLB,Solomon Islands,2020,ALB,Albacore,4411
FSM,Micronesia (Fed. States),2020,SKJ,Skipjack,242612
FSM,Micronesia (Fed. States),2020,YFT,Yellowfin,69480
FSM,Micronesia (Fed. States),2020,BET,Bigeye,19922
FSM,Micronesia (Fed. States),2020,ALB,Albacore,6057
NRU,Nauru,2020,SKJ,Skipjack,44192
NRU,Nauru,2020,YFT,Yellowfin,14163
NRU,Nauru,2020,BET,Bigeye,3475
NRU,Nauru,2020,ALB,Albacore,1092
KIR,Kiribati,2020,SKJ,Skipjack,407588
KIR,Kiribati,2020,YFT,Yellowfin,119644
KIR,Kiribati,2020,BET,Bigeye,30543
KIR,Kiribati,2020,ALB,Albacore,8934
MHL,Marshall Islands,2020,SKJ,Skipjack,175158
MHL,Marshall Islands,2020,YFT,Yellowfin,50933
MHL,Marshall Islands,2020,BET,Bigeye,16501
MHL,Marshall Islands,2020,ALB,Albacore,4141
TUV,Tuvalu,2020,SKJ,Skipjack,57655
TUV,Tuvalu,2020,YFT,Yellowfin,15230
TUV,Tuvalu,2020,BET,Bigeye,4654
TUV,Tuvalu,2020,ALB,Albacore,1275
PLW,Palau,2020,SKJ,Skipjack,26570
PLW,Palau,2020,YFT,Yellowfin,6993
PLW,Palau,2020,BET,Bigeye,2224
PLW,Palau,2020,ALB,Albacore,555
TKL,Tokelau,2020,SKJ,Skipjack,22730
TKL,Tokelau,2020,YFT,Yellowfin,7288
TKL,Tokelau,2020,BET,Bigeye,1969
TKL,Tokelau,2020,ALB,Albacore,550
FJI,Fiji,2020,SKJ,Skipjack,85504
FJI,Fiji,2020,YFT,Yellowfin,25433
FJI,Fiji,2020,BET,Bigeye,7016
FJI,Fiji,2020,ALB,Albacore,8568
WSM,Samoa,2020,SKJ,Skipjack,33283
WSM,Samoa,2020,YFT,Yellowfin,10497
WSM,Samoa,2020,BET,Bigeye,2772
WSM,Samoa,2020,ALB,Albacore,3740
COK,Cook Islands,2020,SKJ,Skipjack,49093
COK,Cook Islands,2020,YFT,Yellowfin,13369
COK,Cook Islands,2020,BET,Bigeye,4081
COK,Cook Islands,2020,ALB,Albacore,5283
PYF,French Polynesia,2020,SKJ,Skipjack,41968
PYF,French Polynesia,2020,YFT,Yellowfin,12309
PYF,French Polynesia,2020,BET,Bigeye,3740
PYF,French Polynesia,2020,ALB,Albacore,5203
PNG,Papua New Guinea,2021,SKJ,Skipjack,447090
PNG,Papua New Guinea,2021,YFT,Yellowfin,122996
PNG,Papua New Guinea,2021,BET,Bigeye,39332
PNG,Papua New Guinea,2021,ALB,Albacore,10243
SLB,Solomon Islands,2021,SKJ,Skipjack,193222
SLB,Solomon Islands,2021,YFT,Yellowfin,59942
SLB,Solomon Islands,2021,BET,Bigeye,17654
SLB,Solomon Islands,2021,ALB,Albacore,4902
FSM,Micronesia (Fed. States),2021,SKJ,Skipjack,263772
FSM,Micronesia (Fed. States),2021,YFT,Yellowfin,73432
FSM,Micronesia (Fed. States),2021,BET,Bigeye,19717
FSM,Micronesia (Fed. States),2021,ALB,Albacore,5338
NRU,Nauru,2021,SKJ,Skipjack,46859
NRU,Nauru,2021,YFT,Yellowfin,13289
NRU,Nauru,2021,BET,Bigeye,3767
NRU,Nauru,2021,ALB,Albacore,1134
KIR,Kiribati,2021,SKJ,Skipjack,416473
KIR,Kiribati,2021,YFT,Yellowfin,104419
KIR,Kiribati,2021,BET,Bigeye,34984
KIR,Kiribati,2021,ALB,Albacore,8749
MHL,Marshall Islands,2021,SKJ,Skipjack,198688
MHL,Marshall Islands,2021,YFT,Yellowfin,52945
MHL,Marshall Islands,2021,BET,Bigeye,15302
MHL,Marshall Islands,2021,ALB,Albacore,4573
TUV,Tuvalu,2021,SKJ,Skipjack,58766
TUV,Tuvalu,2021,YFT,Yellowfin,15601
TUV,Tuvalu,2021,BET,Bigeye,4538
TUV,Tuvalu,2021,ALB,Albacore,1342
PLW,Palau,2021,SKJ,Skipjack,28007
PLW,Palau,2021,YFT,Yellowfin,7492
PLW,Palau,2021,BET,Bigeye,2352
PLW,Palau,2021,ALB,Albacore,643
TKL,Tokelau,2021,SKJ,Skipjack,22067
TKL,Tokelau,2021,YFT,Yellowfin,6356
TKL,Tokelau,2021,BET,Bigeye,1797
TKL,Tokelau,2021,ALB,Albacore,512
FJI,Fiji,2021,SKJ,Skipjack,82900
FJI,Fiji,2021,YFT,Yellowfin,23114
FJI,Fiji,2021,BET,Bigeye,6885
FJI,Fiji,2021,ALB,Albacore,9178
WSM,Samoa,2021,SKJ,Skipjack,34136
WSM,Samoa,2021,YFT,Yellowfin,9252
WSM,Samoa,2021,BET,Bigeye,2992
WSM,Samoa,2021,ALB,Albacore,3950
COK,Cook Islands,2021,SKJ,Skipjack,51086
COK,Cook Islands,2021,YFT,Yellowfin,13091
COK,Cook Islands,2021,BET,Bigeye,4056
COK,Cook Islands,2021,ALB,Albacore,5527
PYF,French Polynesia,2021,SKJ,Skipjack,42198
PYF,French Polynesia,2021,YFT,Yellowfin,11980
PYF,French Polynesia,2021,BET,Bigeye,3824
PYF,French Polynesia,2021,ALB,Albacore,5356
PNG,Papua New Guinea,2022,SKJ,Skipjack,465316
PNG,Papua New Guinea,2022,YFT,Yellowfin,125458
PNG,Papua New Guinea,2022,BET,Bigeye,40660
PNG,Papua New Guinea,2022,ALB,Albacore,9596
SLB,Solomon Islands,2022,SKJ,Skipjack,201080
SLB,Solomon Islands,2022,YFT,Yellowfin,53893
SLB,Solomon Islands,2022,BET,Bigeye,16598
SLB,Solomon Islands,2022,ALB,Albacore,4873
FSM,Micronesia (Fed. States),2022,SKJ,Skipjack,208729
FSM,Micronesia (Fed. States),2022,YFT,Yellowfin,73229
FSM,Micronesia (Fed. States),2022,BET,Bigeye,21878
FSM,Micronesia (Fed. States),2022,ALB,Albacore,6228
NRU,Nauru,2022,SKJ,Skipjack,46220
NRU,Nauru,2022,YFT,Yellowfin,12530
NRU,Nauru,2022,BET,Bigeye,3694
NRU,Nauru,2022,ALB,Albacore,1093
KIR,Kiribati,2022,SKJ,Skipjack,441273
KIR,Kiribati,2022,YFT,Yellowfin,122375
KIR,Kiribati,2022,BET,Bigeye,36645
KIR,Kiribati,2022,ALB,Albacore,8979
MHL,Marshall Islands,2022,SKJ,Skipjack,186457
MHL,Marshall Islands,2022,YFT,Yellowfin,49731
MHL,Marshall Islands,2022,BET,Bigeye,15882
MHL,Marshall Islands,2022,ALB,Albacore,4296
TUV,Tuvalu,2022,SKJ,Skipjack,54599
TUV,Tuvalu,2022,YFT,Yellowfin,15054
TUV,Tuvalu,2022,BET,Bigeye,4980
TUV,Tuvalu,2022,ALB,Albacore,1231
PLW,Palau,2022,SKJ,Skipjack,27409
PLW,Palau,2022,YFT,Yellowfin,7642
PLW,Palau,2022,BET,Bigeye,2335
PLW,Palau,2022,ALB,Albacore,596
TKL,Tokelau,2022,SKJ,Skipjack,23914
TKL,Tokelau,2022,YFT,Yellowfin,6315
TKL,Tokelau,2022,BET,Bigeye,1935
TKL,Tokelau,2022,ALB,Albacore,516
FJI,Fiji,2022,SKJ,Skipjack,76925
FJI,Fiji,2022,YFT,Yellowfin,22358
FJI,Fiji,2022,BET,Bigeye,7451
FJI,Fiji,2022,ALB,Albacore,10280
WSM,Samoa,2022,SKJ,Skipjack,34132
WSM,Samoa,2022,YFT,Yellowfin,8459
WSM,Samoa,2022,BET,Bigeye,2787
WSM,Samoa,2022,ALB,Albacore,3751
COK,Cook Islands,2022,SKJ,Skipjack,52381
COK,Cook Islands,2022,YFT,Yellowfin,14187
COK,Cook Islands,2022,BET,Bigeye,4161
COK,Cook Islands,2022,ALB,Albacore,5429
PYF,French Polynesia,2022,SKJ,Skipjack,46228
PYF,French Polynesia,2022,YFT,Yellowfin,12650
PYF,French Polynesia,2022,BET,Bigeye,3944
PYF,French Polynesia,2022,ALB,Albacore,4956
PNG,Papua New Guinea,2023,SKJ,Skipjack,304604
PNG,Papua New Guinea,2023,YFT,Yellowfin,88581
PNG,Papua New Guinea,2023,BET,Bigeye,25834
PNG,Papua New Guinea,2023,ALB,Albacore,7127
SLB,Solomon Islands,2023,SKJ,Skipjack,192988
SLB,Solomon Islands,2023,YFT,Yellowfin,59250
SLB,Solomon Islands,2023,BET,Bigeye,16528
SLB,Solomon Islands,2023,ALB,Albacore,4372
FSM,Micronesia (Fed. States),2023,SKJ,Skipjack,224319
FSM,Micronesia (Fed. States),2023,YFT,Yellowfin,63557
FSM,Micronesia (Fed. States),2023,BET,Bigeye,17235
FSM,Micronesia (Fed. States),2023,ALB,Albacore,5223
NRU,Nauru,2023,SKJ,Skipjack,42774
NRU,Nauru,2023,YFT,Yellowfin,13367
NRU,Nauru,2023,BET,Bigeye,4002
NRU,Nauru,2023,ALB,Albacore,1187
KIR,Kiribati,2023,SKJ,Skipjack,523546
KIR,Kiribati,2023,YFT,Yellowfin,151811
KIR,Kiribati,2023,BET,Bigeye,44355
KIR,Kiribati,2023,ALB,Albacore,10910
MHL,Marshall Islands,2023,SKJ,Skipjack,182567
MHL,Marshall Islands,2023,YFT,Yellowfin,56639
MHL,Marshall Islands,2023,BET,Bigeye,16487
MHL,Marshall Islands,2023,ALB,Albacore,4693
TUV,Tuvalu,2023,SKJ,Skipjack,66138
TUV,Tuvalu,2023,YFT,Yellowfin,19858
TUV,Tuvalu,2023,BET,Bigeye,5954
TUV,Tuvalu,2023,ALB,Albacore,1547
PLW,Palau,2023,SKJ,Skipjack,16149
PLW,Palau,2023,YFT,Yellowfin,4042
PLW,Palau,2023,BET,Bigeye,1292
PLW,Palau,2023,ALB,Albacore,314
TKL,Tokelau,2023,SKJ,Skipjack,29895
TKL,Tokelau,2023,YFT,Yellowfin,9882
TKL,Tokelau,2023,BET,Bigeye,2875
TKL,Tokelau,2023,ALB,Albacore,689
FJI,Fiji,2023,SKJ,Skipjack,104604
FJI,Fiji,2023,YFT,Yellowfin,30075
FJI,Fiji,2023,BET,Bigeye,8347
FJI,Fiji,2023,ALB,Albacore,10228
WSM,Samoa,2023,SKJ,Skipjack,45235
WSM,Samoa,2023,YFT,Yellowfin,12496
WSM,Samoa,2023,BET,Bigeye,3573
WSM,Samoa,2023,ALB,Albacore,5013
COK,Cook Islands,2023,SKJ,Skipjack,78205
COK,Cook Islands,2023,YFT,Yellowfin,23764
COK,Cook Islands,2023,BET,Bigeye,5686
COK,Cook Islands,2023,ALB,Albacore,7887
PYF,French Polynesia,2023,SKJ,Skipjack,67905
PYF,French Polynesia,2023,YFT,Yellowfin,21889
PYF,French Polynesia,2023,BET,Bigeye,6590
PYF,French Polynesia,2023,ALB,Albacore,8220
